{
  "id": "9c5852ac-e66c-f5be-39be-350eb2142ff5",
  "name": "RestImplementation Environment",
  "values": [
    {
      "enabled": false,
      "key": "url",
      "value": "http://localhost:8080",
      "type": "text"
    },
    {
      "enabled": true,
      "key": "OAuth",
      "value": "Bearer ya29.Gls7BFZ65Fr-yleRV8SpoLgX13WIgRCnBQAejZwdRLWp5q9hEhspll38PG0VIzkZglu7YV32D-P2NeusTW1yrY_Yhso32zPzuw3sXAiwdedzOaApF1DtGo10puJM",
      "type": "text"
    },
    {
      "enabled": true,
      "key": "id",
      "value": "ag5zfnNldHVwLTE2MzYyMHIRCxIEQm9hdBiAgICAgICACgw",
      "type": "text"
    },
    {
      "enabled": true,
      "key": "url",
      "value": "setup-163620.appspot.com",
      "type": "text"
    },
    {
      "enabled": true,
      "key": "testid",
      "value": "aghkZXZ-Tm9uZXIRCxIEU2xpcBiAgICAgODXCQw",
      "type": "text"
    }
  ],
  "timestamp": 1493655152748,
  "_postman_variable_scope": "environment",
  "_postman_exported_at": "2017-05-01T16:12:35.893Z",
  "_postman_exported_using": "Postman/4.10.7"
}