{
	"variables": [],
	"info": {
		"name": "RESTImplementation",
		"_postman_id": "f6b89026-f05f-71b2-7576-58a4107dd8d2",
		"description": "",
		"schema": "https://schema.getpostman.com/json/collection/v2.0.0/collection.json"
	},
	"item": [
		{
			"name": "Add Boat",
			"event": [
				{
					"listen": "test",
					"script": {
						"type": "text/javascript",
						"exec": [
							"",
							"",
							"",
							"",
							"",
							"tests[\"Successful POST request\"] = responseCode.code === 200;",
							"",
							""
						]
					}
				}
			],
			"request": {
				"url": "{{gurl}}/boat/",
				"method": "POST",
				"header": [
					{
						"key": "Content-Type",
						"value": "application/json",
						"description": ""
					},
					{
						"key": "Authorization",
						"value": "{{OAuth}}",
						"description": ""
					}
				],
				"body": {
					"mode": "raw",
					"raw": "{\n  \"name\": \"Marco Polo\",\n  \"type\": \"Catamaran\",\n  \"length\": 40,\n  \"at_sea\": true\n}"
				},
				"description": ""
			},
			"response": []
		},
		{
			"name": "Add Slip",
			"event": [
				{
					"listen": "test",
					"script": {
						"type": "text/javascript",
						"exec": [
							"tests[\"Successful POST request\"] = responseCode.code === 200;"
						]
					}
				}
			],
			"request": {
				"url": "{{gurl}}/slip/",
				"method": "POST",
				"header": [
					{
						"key": "Content-Type",
						"value": "application/json",
						"description": ""
					},
					{
						"key": "Authorization",
						"value": "Bearer ya29.Gls7BFZ65Fr-yleRV8SpoLgX13WIgRCnBQAejZwdRLWp5q9hEhspll38PG0VIzkZglu7YV32D-P2NeusTW1yrY_Yhso32zPzuw3sXAiwdedzOaApF1DtGo10puJM",
						"description": ""
					}
				],
				"body": {
					"mode": "raw",
					"raw": "{\n  \"number\": \"15\",\n  \"current_boat\": \"Superman\",\n  \"arrival_date\":\"2001/11/11\",\n  \"departure_date\":\"2014/04/08\",\n  \"departed_boat\": \"Misty River\"\n}\n\n"
				},
				"description": ""
			},
			"response": []
		},
		{
			"name": "Delete Boat",
			"event": [
				{
					"listen": "test",
					"script": {
						"type": "text/javascript",
						"exec": [
							"tests[\"Status code is 204\"] = responseCode.code === 204;",
							"",
							"tests[\"Successful DELETE request\"] = responseCode.code === 200;"
						]
					}
				}
			],
			"request": {
				"url": "{{gurl}}/boat/{{id}}",
				"method": "DELETE",
				"header": [
					{
						"key": "Content-Type",
						"value": "application/json",
						"description": ""
					}
				],
				"body": {
					"mode": "raw",
					"raw": ""
				},
				"description": ""
			},
			"response": []
		},
		{
			"name": "Delete Slip",
			"event": [
				{
					"listen": "test",
					"script": {
						"type": "text/javascript",
						"exec": [
							"tests[\"Successful DELETE request\"] = responseCode.code === 200;",
							"tests[\"Successful POST request\"] = responseCode.code === 204;"
						]
					}
				}
			],
			"request": {
				"url": "{{gurl}}/slip/{{id}}",
				"method": "DELETE",
				"header": [
					{
						"key": "Content-Type",
						"value": "application/json",
						"description": ""
					}
				],
				"body": {
					"mode": "raw",
					"raw": ""
				},
				"description": ""
			},
			"response": []
		},
		{
			"name": "Get Boat",
			"event": [
				{
					"listen": "test",
					"script": {
						"type": "text/javascript",
						"exec": [
							"tests[\"Status code is 200\"] = responseCode.code === 200;"
						]
					}
				}
			],
			"request": {
				"url": "{{gurl}}/boat/{{id}}",
				"method": "GET",
				"header": [
					{
						"key": "Authorization",
						"value": "{{OAuth}}",
						"description": ""
					},
					{
						"key": "Content-Type",
						"value": "application/json",
						"description": ""
					}
				],
				"body": {},
				"description": ""
			},
			"response": []
		},
		{
			"name": "Get Slip",
			"event": [
				{
					"listen": "test",
					"script": {
						"type": "text/javascript",
						"exec": [
							"tests[\"Status code is 200\"] = responseCode.code === 200;"
						]
					}
				}
			],
			"request": {
				"url": "{{gurl}}/slip/{{id}}",
				"method": "GET",
				"header": [
					{
						"key": "Authorization",
						"value": "Bearer ya29.Gls7BFZ65Fr-yleRV8SpoLgX13WIgRCnBQAejZwdRLWp5q9hEhspll38PG0VIzkZglu7YV32D-P2NeusTW1yrY_Yhso32zPzuw3sXAiwdedzOaApF1DtGo10puJM",
						"description": ""
					}
				],
				"body": {},
				"description": ""
			},
			"response": []
		},
		{
			"name": "Managing a Boat Arrival",
			"event": [
				{
					"listen": "test",
					"script": {
						"type": "text/javascript",
						"exec": [
							"var jsonData = JSON.parse(responseBody);",
							"",
							" if (aString != null & aString.equals(\"lala\"))",
							"if (jsonData.current_boat != \"Empty\" & jsonData.number = & jsonData.arrival_date){",
							"",
							"    tests[\"Error 403 Forbidden - Occupied\"] = responseCode.code ===  403;",
							"} else if(jsonData.number =) {",
							"    ",
							"     tests[\"Error 403 Forbidden - Occupied\"] = responseCode.code ===  403;",
							"    ",
							"    ",
							"    ",
							"postman.setEnvironmentVariable(occupyBoat, jsonData.current_boat);",
							"}"
						]
					}
				}
			],
			"request": {
				"url": "{{url}}",
				"method": "GET",
				"header": [],
				"body": {},
				"description": ""
			},
			"response": []
		},
		{
			"name": "Setting a Boat to Be At Sea",
			"event": [
				{
					"listen": "test",
					"script": {
						"type": "text/javascript",
						"exec": [
							"var jsonData = JSON.parse(responseBody);",
							"var seaCurrent = jsonData.at_sea;",
							"",
							"",
							"",
							"",
							"tests[\"Status code is 200\"] = responseCode.code === 200;",
							""
						]
					}
				}
			],
			"request": {
				"url": "{{url}}",
				"method": "PATCH",
				"header": [
					{
						"key": "Content-Type",
						"value": "application/json",
						"description": ""
					}
				],
				"body": {
					"mode": "raw",
					"raw": ""
				},
				"description": ""
			},
			"response": []
		}
	]
}